{"stats":{"minecraft:killed":{"batsgalore:wither_skeleton_bat":1,"batsgalore:undead_bat":2,"minecraft:wither_skeleton":1,"minecraft:blaze":1},"minecraft:crafted":{"regions_unexplored:brimwood_planks":48,"minecraft:shield":1,"minecraft:crafting_table":1,"minecraft:wooden_axe":1,"minecraft:chest":1},"minecraft:used":{"minecraft:wooden_axe":10,"minecraft:apple":3,"minecraft:stone_sword":30,"spellbladenext:fire_blade":1,"minecraft:bundle":1,"minecraft:chest":1,"minecraft:shield":1,"regions_unexplored:brimwood_log":1,"minecraft:player_head":1,"minecraft:rabbit_stew":1,"minecraft:crafting_table":1},"minecraft:dropped":{"minecraft:bread":7,"regions_unexplored:tall_cobalt_earlight":4,"minecraft:torch":1,"minecraft:stone_sword":3,"minecraft:leather_boots":1,"minecraft:apple":9,"regions_unexplored:cobalt_roots":3},"minecraft:killed_by":{"minecraft:wither_skeleton":2},"minecraft:picked_up":{"minecraft:torch":1,"more_potions:withered_ashes":1,"minecraft:golden_sword":1,"regions_unexplored:cobalt_roots":3,"regions_unexplored:tall_cobalt_earlight":4,"minecraft:leather_boots":1,"minecraft:piglin_head":1,"minecraft:bone":1,"minecraft:stone_sword":3,"mythic_charms:experience_nugget":2,"minecraft:apple":9,"minecraft:player_head":1,"minecraft:bread":7,"batsgalore:wither_skull_candy":1,"regions_unexplored:brimwood_log":9,"minecraft:blaze_rod":2,"minecraft:blaze_powder":4},"minecraft:mined":{"regions_unexplored:brimwood_log_magma":1,"regions_unexplored:brimwood_log":9,"regions_unexplored:tall_cobalt_earlight":2,"minecraft:fire":3,"regions_unexplored:hanging_earlight":1,"regions_unexplored:cobalt_roots":1},"minecraft:custom":{"minecraft:time_since_rest":12226,"lootr:looted_stat":2,"minecraft:sprint_one_cm":13037,"minecraft:damage_taken":741,"minecraft:walk_one_cm":59592,"minecraft:damage_blocked_by_shield":85,"minecraft:mob_kills":5,"minecraft:drop":14,"minecraft:damage_dealt":802,"minecraft:damage_dealt_absorbed":520,"minecraft:interact_with_crafting_table":5,"minecraft:fly_one_cm":760,"minecraft:open_chest":3,"minecraft:crouch_one_cm":516,"minecraft:play_time":30229,"minecraft:deaths":2,"minecraft:sneak_time":67,"minecraft:jump":169,"minecraft:damage_dealt_resisted":296,"minecraft:time_since_death":12195,"minecraft:total_world_time":30229,"minecraft:climb_one_cm":184,"minecraft:hex":0,"minecraft:fall_one_cm":3188}},"DataVersion":3465}