{"stats":{"minecraft:killed":{"minecraft:husk":1,"minecraft:mooshroom":1,"minecraft:chicken":1,"minecraft:cow":2,"minecraft:enderman":1},"minecraft:crafted":{"minecraft:oak_planks":8,"minecraft:crafting_table":1,"minecraft:spruce_planks":16,"minecraft:wooden_pickaxe":1,"regions_unexplored:oak_branch":1,"minecraft:wooden_axe":2},"minecraft:dropped":{"minecraft:bread":17,"minecraft:stone_sword":1,"minecraft:cobbled_deepslate":1,"minecraft:bowl":2,"minecraft:rotten_flesh":8,"minecraft:oak_planks":8,"minecraft:apple":14,"minecraft:mycelium":1,"minecraft:dirt":4,"minecraft:torch":1,"minecraft:spruce_planks":6,"minecraft:leather_boots":1,"minecraft:zombie_head":2,"minecraft:wooden_pickaxe":1,"amethyst_imbuement:xp_bush_seed":1},"minecraft:used":{"croptopia:grape":1,"minecraft:stone_sword":58,"minecraft:bundle":1,"minecraft:ender_pearl":1,"minecraft:wooden_pickaxe":1,"minecraft:sand":1,"minecraft:dirt":7,"minecraft:crafting_table":1,"minecraft:mushroom_stew":2,"minecraft:wooden_axe":22,"minecraft:apple":7,"minecraft:zombie_head":1,"minecraft:bread":10,"minecraft:cooked_cod":4,"minecraft:pumpkin_pie":2,"minecraft:cooked_beef":1},"minecraft:killed_by":{"minecraft:skeleton":2,"minecraft:spider":1},"minecraft:picked_up":{"minecraft:crafting_table":1,"minecraft:feather":5,"minecraft:cooked_beef":1,"minecraft:chicken":2,"croptopia:grape_seed":1,"minecraft:leather":3,"minecraft:potato":3,"amethyst_imbuement:xp_bush_seed":1,"minecraft:oak_log":8,"minecraft:dirt":11,"minecraft:leather_boots":1,"minecraft:mycelium":1,"minecraft:zombie_head":3,"minecraft:apple":9,"minecraft:cobbled_deepslate":1,"minecraft:beef":10,"minecraft:torch":1,"minecraft:sand":1,"minecraft:spruce_log":8,"croptopia:grape":1,"minecraft:stone_sword":1,"minecraft:rotten_flesh":13,"minecraft:gold_ingot":1,"minecraft:bread":7,"minecraft:ender_pearl":2},"minecraft:mined":{"croptopia:grape_crop":1,"minecraft:crafting_table":1,"minecraft:grass_block":5,"minecraft:spruce_leaves":4,"minecraft:spruce_log":8,"minecraft:oak_log":8,"minecraft:dirt":6,"minecraft:oak_leaves":5,"minecraft:deepslate":1},"minecraft:custom":{"lootr:looted_stat":14,"minecraft:interact_with_furnace":5,"minecraft:mob_kills":7,"minecraft:interact_with_crafting_table":3,"minecraft:damage_dealt_resisted":723,"minecraft:leave_game":5,"minecraft:time_since_death":16403,"minecraft:sleep_in_bed":1,"minecraft:climb_one_cm":769,"minecraft:hex":0,"minecraft:time_since_rest":3377,"minecraft:sprint_one_cm":287968,"minecraft:damage_taken":1490,"minecraft:walk_one_cm":90928,"minecraft:drop":36,"minecraft:damage_dealt":1401,"minecraft:damage_dealt_absorbed":567,"minecraft:swim_one_cm":1656,"minecraft:fly_one_cm":419769,"minecraft:crouch_one_cm":7532,"minecraft:play_time":113184,"minecraft:deaths":4,"minecraft:sneak_time":2429,"minecraft:walk_under_water_one_cm":847,"minecraft:jump":1315,"minecraft:walk_on_water_one_cm":1816,"minecraft:total_world_time":113184,"minecraft:fall_one_cm":204911}},"DataVersion":3465}