{"stats":{"minecraft:killed":{"minecraft:sheep":1,"minecraft:cow":2},"minecraft:crafted":{"minecraft:stone_shovel":1,"minecraft:stick":8,"minecraft:baked_potato":4,"minecraft:stone_pickaxe":1,"minecraft:wooden_axe":1,"minecraft:stone_sword":1},"minecraft:used":{"minecraft:wooden_axe":2,"minecraft:stone_sword":6,"minecraft:bundle":1,"minecraft:stone_pickaxe":10,"minecraft:mycelium":1,"minecraft:wooden_pickaxe":15,"minecraft:dirt":8,"minecraft:granite":2},"minecraft:dropped":{"minecraft:bread":7,"minecraft:torch":1,"minecraft:stone_sword":1,"minecraft:leather_boots":1,"minecraft:apple":9},"minecraft:killed_by":{"minecraft:zombie":1},"minecraft:picked_up":{"minecraft:leather":2,"minecraft:torch":1,"minecraft:wooden_pickaxe":1,"minecraft:dirt":8,"minecraft:red_bed":1,"minecraft:leather_boots":1,"minecraft:stone_sword":1,"minecraft:mycelium":1,"mythic_charms:experience_nugget":10,"minecraft:apple":14,"minecraft:cobbled_deepslate":1,"minecraft:spruce_planks":6,"minecraft:beef":3,"minecraft:granite":3,"minecraft:bread":17,"minecraft:coal":7,"minecraft:mutton":2,"minecraft:oak_planks":8,"minecraft:white_wool":1,"minecraft:cobblestone":8},"minecraft:mined":{"minecraft:red_bed":1,"minecraft:cobbled_deepslate":2,"minecraft:granite":3,"minecraft:coal_ore":7,"minecraft:dirt":4,"minecraft:stone":8},"minecraft:custom":{"minecraft:time_since_rest":1860,"lootr:looted_stat":3,"minecraft:interact_with_furnace":4,"minecraft:sprint_one_cm":24813,"minecraft:damage_taken":247,"minecraft:walk_one_cm":65022,"minecraft:mob_kills":3,"minecraft:drop":5,"minecraft:damage_dealt":230,"minecraft:damage_dealt_absorbed":112,"minecraft:interact_with_crafting_table":5,"minecraft:fly_one_cm":4256,"minecraft:crouch_one_cm":239,"minecraft:play_time":16299,"minecraft:deaths":1,"minecraft:bell_ring":3,"minecraft:sneak_time":26,"minecraft:jump":82,"minecraft:damage_dealt_resisted":76,"minecraft:leave_game":2,"minecraft:time_since_death":1802,"minecraft:walk_on_water_one_cm":69,"minecraft:total_world_time":16299,"minecraft:hex":0,"minecraft:fall_one_cm":1887}},"DataVersion":3465}